Company ID,Company name,Industry,Number of employees 2023,Number of employees 2024,Number of employees 2025,2023 wages,2024 wages,2025 wages,2023 number of claims,2024 number of claims,2025 number of claims,2023 medical costs,2024 medical costs,2025 medical costs
1,Ocean Breeze Hotel,Accommodation and Hospitality, 607 ," 1,222 "," 3,442 "," 51,681,173 "," 96,400,212 "," 260,009,371 ", 4 , 8 , 33 ," 27,885 "," 47,417 "," 154,488 "
2,Atlantia Governance Solutions,Government Administration, 861 ," 1,413 "," 3,074 "," 87,474,722 "," 170,496,310 "," 343,656,301 ", 3 , 6 , 15 ," 52,656 "," 87,897 "," 185,723 "
3,Island Fresh Produce,Fishing and Agriculture, 532 ," 1,478 "," 2,125 "," 51,009,504 "," 147,938,535 "," 237,962,664 ", 11 , 23 , 40 ," 280,635 "," 615,168 "," 1,089,305 "
4,Atlantia Academy of Learning,Education, 247 , 648 ," 1,638 "," 25,502,092 "," 96,503,303 "," 213,916,588 ", 2 , 4 , 10 ," 13,326 "," 35,746 "," 88,579 "
5,Coastal Seafood Co.,Fishing and Agriculture, 231 , 403 , 719 ," 18,951,940 "," 33,588,906 "," 65,421,198 ", 4 , 5 , 9 ," 121,827 "," 202,365 "," 319,094 "
6,Atlantian Community Health Services,Health and Community, 721 ," 1,049 "," 2,997 "," 82,734,808 "," 121,274,532 "," 347,972,670 ", 9 , 10 , 43 ," 62,574 "," 91,585 "," 264,313 "
7,Islander Guesthouse,Accommodation and Hospitality, 965 ," 2,606 "," 4,007 "," 72,848,151 "," 240,006,961 "," 374,297,836 ", 8 , 14 , 34 ," 45,458 "," 109,392 "," 176,828 "
8,Ocean Harvest Farms,Fishing and Agriculture, 440 ," 1,299 "," 3,010 "," 41,327,800 "," 130,844,094 "," 330,742,957 ", 8 , 22 , 39 ," 210,337 "," 9,434,759 "," 1,361,234 "
9,Atlantia Luxury Suites,Accommodation and Hospitality, 175 , 226 , 576 ," 14,410,303 "," 21,819,289 "," 42,337,837 ", 1 , 2 , 4 ," 114,956 "," 10,548 "," 25,917 "
10,Coastal Mental Health Support,Health and Community, 217 , 634 , 767 ," 22,385,633 "," 74,388,314 "," 104,352,055 ", 3 , 6 , 10 ," 20,264 "," 64,453 "," 68,193 "
11,Island Heritage College,Education, 42 , 108 , 308 ," 5,579,235 "," 13,395,027 "," 34,546,453 ", 1 , 1 , 2 ," 2,233 "," 5,938 "," 16,662 "
12,Atlantia Realty Group,Property and Business Service, 241 , 468 , 970 ," 28,193,816 "," 59,912,251 "," 164,938,811 ", 1 , 1 , 2 ," 7,075 "," 10,833 "," 23,315 "
13,Oceanic Wellness Center,Health and Community, 575 ," 1,025 "," 1,259 "," 65,687,095 "," 122,514,478 "," 141,936,475 ", 6 , 10 , 12 ," 50,979 "," 90,418 "," 112,997 "
14,Coastal View Lodges,Accommodation and Hospitality, 323 , 816 ," 2,369 "," 23,523,857 "," 72,824,193 "," 194,943,270 ", 3 , 6 , 13 ," 14,408 "," 31,117 "," 104,425 "
15,Atlantia Health Network,Health and Community, 468 , 998 ," 1,452 "," 47,000,482 "," 124,387,430 "," 204,113,037 ", 7 , 13 , 11 ," 39,644 "," 87,395 "," 125,045 "
16,Atlantian Aquaculture,Fishing and Agriculture, 138 , 191 , 382 ," 10,645,462 "," 20,706,735 "," 34,329,051 ", 2 , 3 , 7 ," 56,143 "," 89,297 "," 157,137 "
17,Islander Property Advisors,Property and Business Service, 845 ," 2,465 "," 5,658 "," 111,506,187 "," 311,975,965 "," 689,441,833 ", 2 , 5 , 10 ," 17,955 "," 67,279 "," 118,480 "
18,Atlantia Development Authority,Government Administration, 895 ," 1,934 "," 4,257 "," 103,257,312 "," 265,087,912 "," 548,535,316 ", 5 , 8 , 21 ," 61,052 "," 131,334 "," 296,137 "
19,Horizon Learning Center,Education, 778 ," 1,388 "," 1,876 "," 81,547,200 "," 186,406,853 "," 249,698,445 ", 5 , 9 , 13 ," 41,836 "," 75,511 "," 101,943 "
20,Oceanic Crop Solutions,Fishing and Agriculture, 769 , 974 ," 2,640 "," 72,058,596 "," 83,239,881 "," 270,780,440 ", 15 , 12 , 46 ," 346,982 "," 451,788 "," 1,168,957 "
21,Coastal Rehabilitation Center,Health and Community, 508 , 784 ," 2,183 "," 45,699,827 "," 105,409,127 "," 293,558,263 ", 4 , 8 , 18 ," 44,716 "," 1,030,644 "," 170,148 "
22,Atlantia Skills Development,Education, 856 ," 2,044 "," 3,502 "," 107,285,972 "," 304,369,797 "," 403,815,225 ", 5 , 12 , 16 ," 47,314 "," 111,473 "," 193,229 "
23,Island Investment Group,Property and Business Service, 25 , 43 , 85 ," 2,949,777 "," 6,859,067 "," 12,154,042 ", 1 , 1 , 1 , 520 ," 1,140 "," 1,774 "
24,Atlantia Fisheries Inc.,Fishing and Agriculture, 667 ," 1,226 "," 2,430 "," 64,421,036 "," 95,224,856 "," 261,633,961 ", 8 , 18 , 32 ," 4,875,614 "," 596,923 "," 1,196,937 "
25,Atlantia Corporate Solutions,Property and Business Service, 8 , 12 , 20 ," 951,760 "," 1,975,462 "," 3,377,271 ", 1 , 1 , 1 , 184 , 268 , 402 
26,Atlantia Retreat Center,Accommodation and Hospitality, 670 ," 1,755 "," 2,847 "," 44,797,940 "," 161,876,959 "," 235,785,184 ", 7 , 11 , 17 ," 28,296 "," 81,311 "," 118,477 "
27,Oceanic Real Estate Services,Property and Business Service, 369 ," 1,100 "," 2,727 "," 44,667,729 "," 182,651,516 "," 346,005,653 ", 1 , 2 , 7 ," 6,925 "," 23,152 "," 68,336 "
28,Atlantia Organic Farms,Fishing and Agriculture, 507 ," 1,376 "," 2,916 "," 39,442,954 "," 141,850,335 "," 304,086,154 ", 10 , 15 , 47 ," 273,895 "," 725,985 "," 1,385,617 "
29,Island Care Clinic,Health and Community, 909 ," 2,050 "," 4,871 "," 86,570,286 "," 239,355,127 "," 538,187,684 ", 12 , 26 , 58 ," 81,970 "," 177,702 "," 437,373 "
30,Atlantia Adventure Tours,Accommodation and Hospitality, 628 , 784 ," 1,473 "," 45,487,811 "," 64,154,457 "," 109,150,614 ", 4 , 5 , 9 ," 27,448 "," 32,623 "," 62,855 "
31,Coastal Development Services,Property and Business Service, 873 ," 2,173 "," 6,154 "," 101,700,327 "," 286,099,527 "," 793,774,206 ", 2 , 4 , 8 ," 17,615 "," 54,830 "," 2,177,425 "
32,Atlantia Strategic Advisors,Property and Business Service, 177 , 345 , 524 ," 19,899,382 "," 43,251,949 "," 82,114,068 ", 1 , 1 , 1 ," 3,734 "," 7,852 "," 14,539 "
33,Oceanfront Villas,Accommodation and Hospitality, 416 ," 1,051 "," 2,723 "," 28,305,657 "," 89,812,446 "," 234,549,782 ", 4 , 6 , 14 ," 17,104 "," 42,570 "," 120,245 "
34,Coastal Regulation Agency,Government Administration, 175 , 293 , 569 ," 22,709,705 "," 37,102,404 "," 86,590,677 ", 1 , 1 , 3 ," 10,649 "," 19,797 "," 34,770 "
35,Atlantian Language School,Education, 874 ," 2,012 "," 3,039 "," 113,701,657 "," 206,116,599 "," 330,949,099 ", 6 , 13 , 19 ," 47,676 "," 111,218 "," 168,799 "
36,Atlantia Community Outreach,Health and Community, 494 ," 1,230 "," 2,353 "," 44,777,794 "," 117,023,549 "," 285,427,158 ", 5 , 14 , 30 ," 651,677 "," 99,144 "," 202,412 "
37,Islander Administrative Support,Government Administration, 513 ," 1,135 "," 1,983 "," 65,582,486 "," 165,190,311 "," 283,058,212 ", 2 , 5 , 9 ," 31,833 "," 70,188 "," 125,573 "
38,Future Leaders Institute,Education, 274 , 494 , 646 ," 34,706,798 "," 59,727,150 "," 85,224,332 ", 2 , 3 , 4 ," 14,879 "," 27,548 "," 35,659 "
39,Oceanic Policy Advisors,Government Administration, 417 ," 1,156 "," 2,256 "," 42,234,539 "," 129,707,375 "," 348,909,441 ", 2 , 6 , 11 ," 399,713 "," 71,607 "," 140,631 "
40,Island Fisheries Cooperative,Fishing and Agriculture," 2,028 "," 5,114 "," 7,997 "," 185,715,435 "," 535,162,636 "," 669,625,299 ", 29 , 58 , 136 ," 920,868 "," 2,259,922 "," 58,193,909 "
41,Atlantia Agricultural Innovations,Fishing and Agriculture, 868 ," 1,538 "," 2,771 "," 79,796,658 "," 147,898,444 "," 227,560,487 ", 14 , 22 , 41 ," 452,895 "," 805,775 "," 1,396,257 "
42,Atlantia Civic Engagement,Government Administration, 111 , 207 , 592 ," 12,139,614 "," 24,349,896 "," 75,044,277 ", 1 , 1 , 3 ," 6,726 "," 13,532 "," 36,227 "
43,Coastal Fishing Supplies,Fishing and Agriculture, 896 ," 1,258 "," 1,711 "," 74,841,177 "," 108,180,787 "," 185,559,539 ", 14 , 17 , 34 ," 369,038 "," 605,863 "," 12,541,199 "
44,Atlantian Business Consultants,Property and Business Service, 647 ," 1,504 "," 3,092 "," 81,108,514 "," 242,560,356 "," 381,770,838 ", 2 , 3 , 7 ," 12,235 "," 534,239 "," 83,509 "
45,Atlantia Wellness and Nutrition Institute,Health and Community, 856 ," 2,052 "," 4,193 "," 99,988,507 "," 208,347,081 "," 427,460,010 ", 9 , 18 , 36 ," 71,019 "," 191,285 "," 379,856 "
46,Island Paradise Inn,Accommodation and Hospitality, 778 ," 2,005 "," 3,022 "," 54,689,074 "," 148,883,013 "," 273,220,478 ", 7 , 10 , 29 ," 33,346 "," 84,982 "," 1,983,412 "
47,Coastal Science Academy,Education, 116 , 336 , 967 ," 14,860,952 "," 41,709,290 "," 132,881,854 ", 1 , 2 , 7 ," 6,226 "," 18,167 "," 51,353 "
48,Atlantia Commercial Brokers,Property and Business Service, 962 ," 1,209 "," 2,702 "," 134,316,810 "," 152,101,000 "," 430,688,798 ", 2 , 3 , 4 ," 22,717 "," 27,276 "," 59,326 "
49,Coral Reef Enterprises,Fishing and Agriculture, 411 , 903 ," 1,522 "," 37,339,703 "," 72,876,232 "," 171,590,521 ", 7 , 14 , 30 ," 210,996 "," 468,031 "," 713,583 "
50,Atlantia Knowledge Hub,Education, 10 , 13 , 36 ," 1,181,330 "," 1,380,357 "," 3,998,423 ", 1 , 1 , 1 , 544 , 703 ," 1,968 "
51,Ocean Blue Logistics,Property and Business Service, 391 , 651 , 802 ," 52,504,968 "," 102,236,114 "," 115,355,393 ", 1 , 1 , 2 ," 9,469 "," 13,646 "," 16,309 "
52,Atlantia Tech Innovations,Property and Business Service, 940 ," 2,251 "," 3,087 "," 141,316,542 "," 264,263,521 "," 410,916,819 ", 3 , 5 , 7 ," 22,709 "," 67,211 "," 71,317 "
53,Coastal Harvest Co.,Fishing and Agriculture, 50 , 102 , 253 ," 4,791,580 "," 10,233,539 "," 26,829,477 ", 1 , 2 , 4 ," 23,803 "," 743,343 "," 124,414 "
54,Atlantia Wellness Retreat,Accommodation and Hospitality, 198 , 590 ," 1,218 "," 14,020,065 "," 53,974,550 "," 105,666,445 ", 2 , 4 , 7 ," 8,523 "," 28,020 "," 57,934 "
55,Island Health Solutions,Health and Community, 796 ," 1,733 "," 3,633 "," 96,311,700 "," 165,867,495 "," 412,155,509 ", 11 , 24 , 52 ," 71,387 "," 151,734 "," 309,208 "
56,Blue Horizon Academy,Education, 929 ," 2,213 "," 3,870 "," 104,000,976 "," 277,862,733 "," 582,350,807 ", 6 , 13 , 25 ," 52,316 "," 119,823 "," 212,008 "
57,Oceanic Charter Services,Accommodation and Hospitality, 781 ," 1,027 "," 2,053 "," 54,217,237 "," 86,075,784 "," 169,685,801 ", 6 , 6 , 16 ," 34,358 "," 44,457 "," 90,023 "
58,Atlantian Public Works,Government Administration, 627 ," 1,201 "," 3,296 "," 69,300,942 "," 138,783,690 "," 440,980,817 ", 3 , 5 , 15 ," 41,681 "," 81,409 "," 243,451 "
59,Island Breeze Catering,Accommodation and Hospitality, 718 ," 1,384 "," 2,932 "," 64,163,174 "," 97,819,441 "," 242,472,441 ", 4 , 9 , 28 ," 31,337 "," 64,259 "," 1,931,379 "
60,Coastal Agriculture Solutions,Fishing and Agriculture, 480 , 669 ," 1,789 "," 40,762,485 "," 73,407,104 "," 164,267,455 ", 10 , 9 , 26 ," 240,334 "," 297,341 "," 874,162 "
61,Atlantia Investment Partners,Property and Business Service, 178 , 408 ," 1,127 "," 19,404,320 "," 67,864,048 "," 192,199,271 ", 1 , 1 , 2 ," 4,040 "," 9,865 "," 29,442 "
62,Island Life Health Center,Health and Community, 750 ," 1,935 "," 3,345 "," 70,047,671 "," 230,763,817 "," 443,814,700 ", 11 , 15 , 44 ," 62,853 "," 169,156 "," 309,653 "
63,Oceanic Learning Institute,Education, 692 ," 2,011 "," 3,610 "," 88,806,407 "," 241,472,077 "," 391,848,784 ", 4 , 9 , 24 ," 38,015 "," 111,923 "," 199,362 "
64,Atlantia Marine Services,Fishing and Agriculture, 221 , 616 ," 1,695 "," 16,634,956 "," 48,791,289 "," 172,359,413 ", 4 , 10 , 29 ," 92,735 "," 308,693 "," 789,035 "
65,Island Heritage Tours,Accommodation and Hospitality, 682 ," 1,049 "," 1,370 "," 44,942,983 "," 88,750,215 "," 128,257,430 ", 6 , 10 , 9 ," 29,964 "," 47,388 "," 58,496 "
66,Coastal Realty Advisors,Property and Business Service, 467 ," 1,261 "," 3,486 "," 53,506,738 "," 143,650,764 "," 586,381,105 ", 1 , 2 , 6 ," 11,938 "," 30,622 "," 86,433 "
67,Atlantia Health Innovations,Health and Community, 483 , 704 ," 1,828 "," 53,483,957 "," 81,275,407 "," 210,508,692 ", 7 , 6 , 17 ," 44,908 "," 63,260 "," 145,752 "
68,Oceanfront Adventure Company,Accommodation and Hospitality, 253 , 353 , 604 ," 20,120,597 "," 27,808,575 "," 42,858,351 ", 2 , 3 , 6 ," 11,329 "," 14,117 "," 25,705 "
69,Islander Craft Brewery,Property and Business Service, 868 ," 1,537 "," 2,911 "," 112,565,774 "," 190,294,148 "," 472,472,448 ", 2 , 4 , 5 ," 20,820 "," 38,247 "," 76,971 "
70,Atlantia Community Services,Health and Community, 732 ," 1,919 "," 4,371 "," 76,754,497 "," 200,597,837 "," 471,608,659 ", 9 , 27 , 34 ," 64,086 "," 169,637 "," 359,202 "
71,Coastal Retreats,Accommodation and Hospitality, 284 , 684 ," 1,000 "," 20,335,081 "," 56,495,285 "," 77,876,733 ", 3 , 7 , 9 ," 12,127 "," 30,004 "," 42,206 "
72,Atlantia Ocean Conservation,Fishing and Agriculture, 477 ," 1,291 "," 1,594 "," 34,744,083 "," 133,740,566 "," 142,630,814 ", 7 , 15 , 19 ," 3,456,500 "," 669,895 "," 735,695 "
73,Atlantia Rural Development,Government Administration, 54 , 87 , 122 ," 5,665,714 "," 11,708,946 "," 13,483,883 ", 1 , 1 , 1 ," 3,235 "," 5,741 "," 8,285 "
74,Island Culture Institute,Education, 248 , 511 ," 1,052 "," 30,215,553 "," 52,897,596 "," 152,656,834 ", 2 , 2 , 8 ," 13,636 "," 27,936 "," 58,385 "
75,Atlantia Strategic Investments,Property and Business Service, 10 , 24 , 67 ," 1,163,376 "," 3,939,875 "," 10,398,161 ", 1 , 1 , 1 , 246 , 558 ," 1,705 "
76,Oceanic Culinary School,Education, 889 ," 1,456 "," 3,797 "," 91,767,025 "," 195,620,775 "," 562,462,029 ", 5 , 8 , 24 ," 48,704 "," 81,499 "," 210,608 "
77,Atlantia Travel Agency,Accommodation and Hospitality, 51 , 113 , 177 ," 3,338,800 "," 9,254,497 "," 14,521,088 ", 1 , 2 , 2 ," 2,337 "," 5,076 "," 116,119 "
78,Coastal Lifestyle Solutions,Property and Business Service, 29 , 61 , 142 ," 4,151,770 "," 7,810,764 "," 19,360,116 ", 1 , 1 , 1 , 600 ," 1,398 "," 3,010 "
79,Atlantia Nature Tours,Fishing and Agriculture, 403 , 714 ," 1,064 "," 40,239,328 "," 56,950,106 "," 85,232,541 ", 6 , 12 , 12 ," 187,360 "," 5,252,767 "," 537,988 "
80,Oceanic Youth Programs,Education," 1,919 "," 5,209 "," 7,946 "," 194,966,801 "," 621,557,399 "," 1,101,795,350 ", 9 , 28 , 54 ," 106,362 "," 283,322 "," 431,821 "
81,Atlantia Fitness Studio,Health and Community, 531 , 959 ," 2,687 "," 49,937,266 "," 115,199,925 "," 309,276,312 ", 8 , 11 , 30 ," 51,654 "," 86,555 "," 256,675 "
82,Island Cultural Exchange,Education, 814 ," 1,673 "," 2,874 "," 107,235,394 "," 182,491,417 "," 391,690,894 ", 5 , 9 , 20 ," 44,241 "," 92,780 "," 157,897 "
83,Atlantia Eco-Consultants,Property and Business Service, 474 , 819 ," 2,159 "," 51,498,323 "," 123,624,322 "," 366,706,399 ", 1 , 2 , 4 ," 12,051 "," 21,794 "," 44,768 "
84,Island Community Builders,Government Administration, 100 , 182 , 264 ," 13,386,568 "," 25,861,213 "," 38,861,227 ", 1 , 1 , 2 ," 6,318 "," 11,541 "," 16,502 "
85,Oceanic Sports Management,Accommodation and Hospitality, 373 , 587 , 941 ," 26,144,420 "," 42,894,228 "," 67,394,710 ", 3 , 5 , 7 ," 16,516 "," 23,269 "," 42,478 "
86,Atlantia Artisan Market,Property and Business Service, 47 , 123 , 194 ," 6,926,058 "," 15,024,062 "," 24,145,156 ", 1 , 1 , 1 ," 1,145 "," 2,990 "," 4,899 "
87,Islander Travel Experiences,Accommodation and Hospitality, 823 ," 1,976 "," 5,630 "," 64,986,166 "," 148,394,205 "," 543,012,787 ", 6 , 13 , 50 ," 37,297 "," 84,993 "," 232,342 "
88,Coastal Water Sports,Fishing and Agriculture, 735 ," 2,167 "," 4,062 "," 69,920,529 "," 236,203,555 "," 415,011,574 ", 9 , 39 , 55 ," 380,226 "," 959,599 "," 1,661,000 "
89,Atlantia Public Health Initiative,Health and Community, 593 , 851 ," 1,490 "," 63,697,603 "," 89,935,517 "," 165,477,658 ", 9 , 12 , 17 ," 51,050 "," 76,719 "," 135,091 "
90,Oceanview Art Gallery,Property and Business Service, 209 , 519 ," 1,197 "," 27,003,523 "," 66,115,152 "," 154,682,807 ", 1 , 2 , 3 ," 5,465 "," 14,351 "," 26,835 "
91,Island Heritage Preservation,Government Administration, 560 ," 1,318 "," 2,780 "," 60,732,406 "," 196,265,532 "," 321,887,875 ", 3 , 5 , 9 ," 35,785 "," 91,822 "," 177,047 "
92,Atlantia Community Arts,Education, 210 , 455 , 931 ," 25,763,853 "," 55,257,007 "," 121,310,421 ", 2 , 3 , 6 ," 11,584 "," 25,503 "," 49,627 "
93,Atlantia Language and Culture Center,Education, 155 , 448 , 872 ," 17,168,681 "," 67,191,384 "," 119,520,988 ", 1 , 3 , 6 ," 8,355 "," 24,068 "," 47,554 "
94,Coastal Environmental Solutions,Fishing and Agriculture, 529 ," 1,062 "," 3,134 "," 43,463,526 "," 99,861,535 "," 359,612,833 ", 8 , 18 , 56 ," 205,137 "," 464,889 "," 1,626,723 "
95,Atlantia Creative Agency,Property and Business Service, 740 ," 1,465 "," 1,892 "," 89,681,892 "," 244,981,459 "," 253,058,111 ", 2 , 3 , 4 ," 14,991 "," 35,804 "," 55,438 "
96,Island Adventure Club,Accommodation and Hospitality, 869 ," 1,989 "," 2,463 "," 56,168,554 "," 178,932,512 "," 203,950,684 ", 6 , 10 , 17 ," 34,904 "," 73,504 "," 108,767 "
97,Oceanic Agriculture Technologies,Fishing and Agriculture, 730 ," 2,164 "," 4,754 "," 71,986,973 "," 233,578,909 "," 450,948,413 ", 15 , 32 , 49 ," 336,850 "," 1,234,739 "," 2,439,970 "
98,Atlantia Public Relations,Property and Business Service, 325 , 975 ," 2,617 "," 36,914,988 "," 156,498,623 "," 399,898,783 ", 1 , 2 , 5 ," 7,894 "," 24,845 "," 60,408 "
99,Atlantia Urban Planning,Government Administration, 684 ," 1,994 "," 4,443 "," 87,593,211 "," 293,732,825 "," 559,544,520 ", 4 , 7 , 15 ," 45,091 "," 120,965 "," 236,413 "
100,Oceanview Fitness Center,Health and Community, 8 , 23 , 56 ," 865,307 "," 2,887,383 "," 7,104,556 ", 1 , 1 , 1 , 749 ," 2,170 "," 5,210 "
101,Atlantia Marine Biology Institute,Education, 915 ," 2,266 "," 5,037 "," 97,499,534 "," 236,707,523 "," 767,188,779 ", 5 , 12 , 31 ," 51,235 "," 123,642 "," 277,948 "
102,Island Eco-Tourism,Fishing and Agriculture, 114 , 255 , 728 ," 10,286,387 "," 21,806,456 "," 71,510,964 ", 2 , 5 , 14 ," 57,011 "," 126,850 "," 388,366 "
103,Coastal Heritage Center,Property and Business Service, 5 , 10 , 26 ," 697,454 "," 1,452,258 "," 4,471,633 ", 1 , 1 , 1 , 117 , 234 , 574 
104,Atlantia Digital Solutions,Property and Business Service, 787 ," 1,199 "," 1,694 "," 88,918,313 "," 189,676,716 "," 270,952,803 ", 2 , 3 , 4 ," 20,501 "," 30,704 "," 43,094 "
105,JDT Education Services,Education, 548 , 859 ," 1,657 "," 68,673,387 "," 118,561,168 "," 256,852,504 ", 3 , 4 , 12 ," 30,389 "," 48,174 "," 91,011 "
106,Oceanic Water Quality Services,Health and Community, 136 , 370 , 722 ," 13,542,332 "," 44,569,834 "," 78,740,001 ", 2 , 6 , 7 ," 11,849 "," 31,237 "," 60,630 "
107,Atlantia Adventure Sports,Accommodation and Hospitality, 395 ," 1,049 "," 2,626 "," 32,273,497 "," 75,500,363 "," 220,516,915 ", 3 , 6 , 22 ," 16,150 "," 684,108 "," 119,879 "
108,Islander Wildlife Conservation,Fishing and Agriculture, 380 , 958 ," 2,784 "," 33,107,596 "," 83,118,342 "," 237,289,922 ", 5 , 20 , 46 ," 209,311 "," 500,841 "," 1,199,694 "
109,Coastal Technology Solutions,Property and Business Service, 131 , 215 , 441 ," 14,239,034 "," 30,487,545 "," 54,072,182 ", 1 , 1 , 1 ," 2,915 "," 4,479 "," 11,688 "
110,Atlantia Youth Leadership Academy,Education, 863 ," 1,741 "," 2,421 "," 105,012,933 "," 226,116,041 "," 347,224,949 ", 6 , 9 , 12 ," 46,835 "," 95,004 "," 133,596 "
111,Islander Community Events,Health and Community, 356 , 838 ," 1,073 "," 36,954,555 "," 82,999,243 "," 114,520,912 ", 4 , 9 , 12 ," 31,566 "," 71,450 "," 100,721 "
112,Oceanview Adventure Tours,Accommodation and Hospitality, 765 ," 1,794 "," 5,366 "," 63,237,727 "," 158,655,182 "," 394,358,682 ", 5 , 15 , 42 ," 33,955 "," 73,843 "," 272,187 "
113,Coral Reef Cultivators,Fishing and Agriculture, 414 , 842 ," 2,002 "," 40,557,597 "," 85,477,905 "," 185,705,283 ", 6 , 14 , 35 ," 204,601 "," 401,029 "," 1,015,711 "
114,Island Wellness Center,Health and Community, 70 , 207 , 352 ," 6,438,826 "," 19,698,881 "," 45,316,531 ", 1 , 3 , 5 ," 5,865 "," 20,483 "," 31,060 "
115,Ocean Harvesters,Fishing and Agriculture, 838 ," 1,022 "," 1,719 "," 61,792,021 "," 100,685,310 "," 161,214,706 ", 16 , 13 , 25 ," 439,375 "," 504,039 "," 713,580 "
116,Sunset Shores Resort,Accommodation and Hospitality, 887 ," 1,374 "," 3,431 "," 68,897,457 "," 132,280,792 "," 287,999,877 ", 6 , 9 , 26 ," 39,758 "," 58,598 "," 151,803 "
117,Coastal Realty Solutions,Property and Business Service, 248 , 603 ," 1,055 "," 29,000,372 "," 77,466,290 "," 169,608,218 ", 1 , 1 , 3 ," 6,025 "," 12,673 "," 18,873 "
118,Blue Wave Fisheries,Fishing and Agriculture, 226 , 579 ," 1,556 "," 22,353,805 "," 54,244,140 "," 137,273,899 ", 4 , 9 , 25 ," 122,057 "," 315,609 "," 673,799 "
119,Islander Community Health Services,Health and Community, 255 , 515 ," 1,416 "," 23,806,545 "," 54,994,197 "," 157,476,570 ", 3 , 5 , 17 ," 21,515 "," 42,972 "," 124,402 "
120,AquaLife Farms,Fishing and Agriculture," 1,844 "," 5,132 "," 10,348 "," 148,803,877 "," 428,040,938 "," 990,380,039 ", 29 , 53 , 178 ," 981,814 "," 2,810,019 "," 4,797,185 "
121,Coral Cove Inn,Accommodation and Hospitality, 926 ," 2,473 "," 5,612 "," 64,699,974 "," 239,033,349 "," 558,323,651 ", 6 , 18 , 50 ," 41,439 "," 101,623 "," 233,023 "
122,Oceanview Business Consultants,Property and Business Service, 715 ," 1,305 "," 2,012 "," 103,288,470 "," 171,900,807 "," 274,461,248 ", 1 , 3 , 3 ," 16,486 "," 32,771 "," 50,075 "
123,Tidepool Treasures,Fishing and Agriculture, 876 ," 1,754 "," 3,572 "," 79,139,919 "," 137,137,635 "," 402,934,136 ", 10 , 20 , 51 ," 379,658 "," 860,818 "," 1,843,989 "
124,Island Escape Resort,Accommodation and Hospitality, 216 , 484 , 953 ," 18,256,027 "," 40,030,184 "," 80,903,799 ", 2 , 3 , 8 ," 9,240 "," 317,276 "," 42,046 "
125,Tranquil Waters Hotel,Accommodation and Hospitality, 3 , 8 , 18 ," 243,037 "," 724,492 "," 1,421,896 ", 1 , 1 , 1 , 130 ," 5,231 ", 751 
126,Coral Coast Realty,Property and Business Service, 985 ," 1,611 "," 3,789 "," 148,592,486 "," 187,644,160 "," 625,270,660 ", 2 , 3 , 8 ," 352,010 "," 40,479 "," 96,196 "
127,Ocean's Essence Seafood,Fishing and Agriculture, 236 , 418 , 892 ," 18,055,811 "," 40,778,088 "," 91,648,230 ", 4 , 5 , 10 ," 125,115 "," 193,656 "," 469,462 "
128,Islander Family Health,Health and Community, 514 ," 1,129 "," 3,253 "," 47,148,541 "," 108,880,227 "," 372,019,547 ", 8 , 9 , 47 ," 46,886 "," 106,393 "," 291,006 "
129,Harvest Haven Farms,Fishing and Agriculture, 228 , 388 , 952 ," 21,719,720 "," 41,000,295 "," 80,680,995 ", 4 , 7 , 14 ," 112,381 "," 179,943 "," 428,959 "
130,Nautical Dreams Lodge,Accommodation and Hospitality, 511 ," 1,343 "," 2,798 "," 37,134,684 "," 107,680,103 "," 249,068,761 ", 4 , 12 , 26 ," 336,323 "," 60,102 "," 112,142 "
131,Marine Meadow Farms,Fishing and Agriculture, 147 , 308 , 423 ," 14,161,995 "," 27,527,956 "," 37,888,691 ", 3 , 4 , 6 ," 79,828 "," 138,568 "," 211,733 "
132,Coastal Development Group,Property and Business Service, 617 , 856 ," 1,140 "," 80,901,915 "," 101,422,961 "," 159,124,699 ", 1 , 2 , 2 ," 16,715 "," 16,785 "," 29,261 "
133,Oceanfront Orchards,Fishing and Agriculture, 829 ," 1,705 "," 4,214 "," 73,091,856 "," 157,980,111 "," 482,873,162 ", 9 , 23 , 81 ," 385,052 "," 694,477 "," 2,264,150 "
134,Ocean Breeze Lodge,Accommodation and Hospitality, 935 ," 2,747 "," 5,868 "," 82,570,458 "," 221,958,462 "," 599,354,104 ", 6 , 24 , 56 ," 41,336 "," 115,624 "," 251,322 "
135,Coral Reef Suites,Accommodation and Hospitality, 783 ," 2,003 "," 2,658 "," 67,370,781 "," 140,779,833 "," 252,718,537 ", 5 , 13 , 22 ," 33,974 "," 86,410 "," 112,897 "
136,Island Fishery Co.,Fishing and Agriculture, 618 , 773 ," 1,877 "," 45,374,552 "," 83,700,938 "," 150,047,663 ", 7 , 16 , 22 ," 4,497,341 "," 363,897 "," 865,355 "
137,Coastal Comfort Inn,Accommodation and Hospitality, 485 , 952 ," 2,813 "," 34,447,839 "," 80,512,563 "," 256,927,255 ", 3 , 9 , 18 ," 20,167 "," 44,187 "," 116,524 "
138,Deep Blue Aquaculture,Fishing and Agriculture, 99 , 241 , 559 ," 8,476,326 "," 25,674,005 "," 54,476,950 ", 2 , 5 , 7 ," 50,316 "," 122,547 "," 299,219 "
139,Islander Commercial Services,Property and Business Service, 411 , 784 ," 1,641 "," 59,320,724 "," 117,752,037 "," 282,120,595 ", 1 , 2 , 4 ," 9,840 "," 17,794 "," 38,351 "
140,Ocean's Bounty Farms,Fishing and Agriculture, 171 , 430 , 697 ," 16,771,432 "," 35,035,813 "," 62,523,094 ", 3 , 7 , 12 ," 88,708 "," 227,430 "," 383,401 "
141,Oceanic Health Initiatives,Health and Community, 851 ," 2,205 "," 3,966 "," 103,465,915 "," 293,294,280 "," 444,773,494 ", 12 , 31 , 56 ," 72,221 "," 213,412 "," 346,671 "
142,Sunset Vista Lodge,Accommodation and Hospitality, 671 , 978 ," 1,780 "," 55,245,077 "," 67,782,254 "," 129,746,135 ", 4 , 10 , 13 ," 29,413 "," 39,470 "," 71,322 "
143,Island Greenhouse,Fishing and Agriculture, 880 ," 1,299 "," 2,813 "," 66,740,284 "," 100,217,219 "," 251,789,381 ", 16 , 24 , 41 ," 459,269 "," 593,926 "," 1,344,348 "
144,Blue Horizon Hotel,Accommodation and Hospitality, 487 , 629 , 804 ," 42,083,976 "," 44,584,235 "," 69,477,237 ", 3 , 5 , 6 ," 21,301 "," 413,779 "," 32,264 "
145,Neptune's Harvest,Fishing and Agriculture, 240 , 611 ," 1,571 "," 19,863,538 "," 60,282,728 "," 132,832,022 ", 5 , 8 , 19 ," 106,521 "," 270,548 "," 785,461 "
146,Islander Realty Advisors,Property and Business Service, 527 ," 1,454 "," 3,863 "," 58,273,239 "," 218,469,593 "," 620,293,646 ", 1 , 3 , 7 ," 12,113 "," 35,560 "," 1,375,485 "
147,Coastal Catch Seafood,Fishing and Agriculture, 871 ," 2,377 "," 6,099 "," 75,919,784 "," 253,671,391 "," 518,158,811 ", 11 , 39 , 81 ," 457,417 "," 1,142,853 "," 3,298,260 "
148,Coral Bay Cultivation,Fishing and Agriculture, 12 , 36 , 67 ," 1,100,620 "," 3,301,623 "," 7,250,314 ", 1 , 1 , 2 ," 6,232 "," 17,830 "," 32,808 "
149,Oceanview Retreat,Accommodation and Hospitality, 98 , 182 , 395 ," 8,287,634 "," 14,562,626 "," 30,741,567 ", 1 , 2 , 3 ," 4,322 "," 8,392 "," 19,229 "
150,Islander Seafood Solutions,Fishing and Agriculture, 10 , 25 , 44 ," 974,872 "," 2,549,994 "," 4,969,803 ", 1 , 1 , 1 ," 5,151 "," 11,738 "," 319,046 "
151,Coastal Harvest Enterprises,Fishing and Agriculture, 335 , 857 ," 1,873 "," 26,979,480 "," 86,297,070 "," 154,780,775 ", 5 , 10 , 38 ," 157,605 "," 449,397 "," 923,557 "
152,Island Paradise Retreat,Accommodation and Hospitality, 333 , 775 ," 1,257 "," 24,757,610 "," 73,155,338 "," 121,484,992 ", 3 , 5 , 12 ," 13,508 "," 31,298 "," 51,518 "
153,AquaVista Harvest,Fishing and Agriculture, 169 , 506 , 804 ," 15,912,554 "," 56,145,865 "," 69,825,327 ", 4 , 8 , 11 ," 91,426 "," 211,997 "," 347,962 "
154,Harbor View Resort,Accommodation and Hospitality, 620 , 998 ," 1,878 "," 47,648,961 "," 92,243,364 "," 174,388,973 ", 4 , 6 , 13 ," 27,528 "," 37,941 "," 92,515 "
155,Ocean Harvesting Co.,Fishing and Agriculture, 660 ," 1,047 "," 1,382 "," 49,584,169 "," 89,369,986 "," 131,520,226 ", 11 , 20 , 24 ," 334,271 "," 526,506 "," 798,714 "
156,Coral Springs Community Services,Health and Community, 465 , 916 ," 2,612 "," 45,043,307 "," 107,852,644 "," 297,481,033 ", 6 , 13 , 35 ," 41,825 "," 1,204,022 "," 231,479 "
157,Islander Health Innovations,Health and Community, 770 ," 1,348 "," 3,339 "," 92,773,525 "," 125,006,191 "," 450,543,868 ", 7 , 11 , 29 ," 64,608 "," 123,951 "," 296,132 "
158,Coastal Fishing Ventures,Fishing and Agriculture, 972 ," 2,535 "," 6,425 "," 81,696,882 "," 225,895,166 "," 633,744,834 ", 16 , 33 , 85 ," 429,875 "," 1,312,512 "," 3,397,439 "
159,Island Haven Hotel,Accommodation and Hospitality, 74 , 141 , 403 ," 5,353,931 "," 9,721,798 "," 32,823,052 ", 1 , 2 , 3 ," 3,380 "," 6,517 "," 17,277 "
160,Coral Springs Health Services,Health and Community," 2,538 "," 7,167 "," 15,547 "," 252,395,037 "," 724,928,943 "," 1,808,953,190 ", 20 , 72 , 189 ," 219,288 "," 591,535 "," 1,343,495 "
161,Horizon Property Advisors,Property and Business Service, 334 , 945 ," 2,639 "," 41,338,688 "," 125,026,218 "," 402,316,945 ", 1 , 2 , 6 ," 8,092 "," 25,652 "," 58,000 "
162,Oceanic Wellness Collective,Health and Community, 921 ," 1,477 "," 2,992 "," 91,217,446 "," 154,923,930 "," 415,327,346 ", 10 , 16 , 25 ," 87,000 "," 121,941 "," 254,851 "
163,Islander Eco-Tours,Accommodation and Hospitality, 248 , 662 , 971 ," 21,644,454 "," 62,320,876 "," 71,201,715 ", 3 , 4 , 10 ," 11,296 "," 27,527 "," 46,438 "
164,Marine Flora Farms,Fishing and Agriculture, 976 ," 1,681 "," 4,421 "," 82,589,070 "," 173,643,903 "," 405,984,862 ", 14 , 25 , 59 ," 488,859 "," 755,467 "," 2,374,820 "
165,Oceanic Property Solutions,Property and Business Service, 300 , 457 , 897 ," 37,807,440 "," 60,278,758 "," 108,631,461 ", 1 , 1 , 2 ," 6,777 "," 10,839 "," 20,220 "
166,Island Escape Cabins,Accommodation and Hospitality, 602 ," 1,084 "," 1,597 "," 41,607,777 "," 75,200,735 "," 140,853,872 ", 6 , 7 , 10 ," 26,107 "," 49,667 "," 71,491 "
167,Coastal Assets Management,Property and Business Service, 852 ," 1,858 "," 4,440 "," 126,630,309 "," 245,881,836 "," 635,865,052 ", 2 , 4 , 8 ," 21,642 "," 44,162 "," 108,378 "
168,Ocean Breeze Cabins,Accommodation and Hospitality, 172 , 373 , 727 ," 13,009,896 "," 30,572,390 "," 64,678,525 ", 2 , 3 , 7 ," 7,499 "," 14,918 "," 29,265 "
169,Coral Coast Management,Property and Business Service, 71 , 167 , 251 ," 8,020,959 "," 21,890,610 "," 36,363,981 ", 1 , 1 , 1 ," 1,741 "," 3,761 "," 5,793 "
170,Island Innovations,Property and Business Service, 9 , 23 , 28 ," 1,056,309 "," 3,105,620 "," 3,895,505 ", 1 , 1 , 1 , 207 , 523 , 621 
171,Ocean's Edge Seafood,Fishing and Agriculture, 623 ," 1,077 "," 2,741 "," 55,639,750 "," 110,109,632 "," 257,247,738 ", 11 , 12 , 50 ," 4,542,988 "," 543,708 "," 1,485,544 "
172,Coral Reef Aquaculture,Fishing and Agriculture, 92 , 135 , 228 ," 8,578,273 "," 14,106,141 "," 22,460,142 ", 2 , 2 , 3 ," 46,834 "," 68,661 "," 107,000 "
173,Island Health and Wellness,Health and Community, 266 , 596 , 811 ," 32,081,664 "," 64,170,075 "," 91,584,725 ", 3 , 9 , 11 ," 24,390 "," 49,646 "," 75,590 "
174,Coastal Dreams Fisheries,Fishing and Agriculture, 354 , 828 ," 1,405 "," 33,054,355 "," 92,177,091 "," 157,437,602 ", 5 , 9 , 24 ," 169,965 "," 427,810 "," 629,998 "
175,Islander Retreat Center,Accommodation and Hospitality, 9 , 24 , 57 ," 711,015 "," 1,650,119 "," 4,412,218 ", 1 , 1 , 1 , 430 ," 1,185 "," 2,794 "
176,Ocean Harvest Lodge,Fishing and Agriculture, 243 , 573 ," 1,560 "," 18,874,986 "," 61,813,575 "," 134,468,413 ", 4 , 6 , 28 ," 109,939 "," 274,554 "," 783,344 "
177,Coastal Health Alliance,Health and Community, 249 , 623 , 780 ," 26,131,815 "," 61,830,061 "," 100,047,659 ", 3 , 5 , 11 ," 20,636 "," 58,009 "," 64,863 "
178,Islander Historical Society,Education, 254 , 626 ," 1,637 "," 24,811,030 "," 85,356,818 "," 185,412,391 ", 2 , 5 , 9 ," 13,780 "," 34,144 "," 1,342,913 "
179,Palm Springs Health Services,Health and Community, 24 , 45 , 56 ," 2,423,403 "," 5,544,744 "," 7,511,062 ", 1 , 1 , 1 ," 1,973 "," 4,106 "," 4,003 "
180,Oceanic Family Care,Health and Community, 86 , 179 , 387 ," 9,785,245 "," 18,573,250 "," 54,056,894 ", 1 , 2 , 4 ," 7,542 "," 16,823 "," 33,380 "
181,Coastal Community Health Network,Health and Community, 53 , 80 , 163 ," 4,861,489 "," 10,704,881 "," 18,886,925 ", 1 , 1 , 3 ," 4,992 "," 6,801 "," 13,856 "
182,Islander Cultural Festivals,Education, 750 ," 1,332 "," 3,595 "," 93,945,640 "," 164,090,977 "," 472,886,700 ", 5 , 5 , 20 ," 41,167 "," 72,658 "," 199,591 "
183,Ocean's Embrace Retreat,Accommodation and Hospitality, 104 , 284 , 363 ," 7,879,479 "," 27,090,279 "," 27,709,142 ", 1 , 3 , 3 ," 4,213 "," 11,958 "," 18,026 "
184,Coastal Wellness Retreats,Accommodation and Hospitality, 771 ," 1,295 "," 2,752 "," 67,878,445 "," 103,118,013 "," 200,975,099 ", 6 , 13 , 19 ," 32,168 "," 51,303 "," 133,099 "
185,Island Retreat Hotel,Accommodation and Hospitality, 913 ," 2,043 "," 5,808 "," 80,008,181 "," 161,604,980 "," 464,168,545 ", 5 , 16 , 37 ," 39,730 "," 75,779 "," 239,500 "
186,Coral Vista Inn,Accommodation and Hospitality, 245 , 434 , 971 ," 18,529,362 "," 31,245,078 "," 77,559,004 ", 2 , 3 , 5 ," 11,767 "," 18,624 "," 43,224 "
187,Ocean Harvest Retreat,Fishing and Agriculture, 891 ," 1,410 "," 2,915 "," 69,760,476 "," 139,006,947 "," 281,819,637 ", 10 , 26 , 33 ," 391,067 "," 644,264 "," 1,591,748 "
188,Seaside Serenity Suites,Accommodation and Hospitality, 35 , 83 , 121 ," 2,465,984 "," 7,192,900 "," 11,182,151 ", 1 , 1 , 1 ," 1,506 "," 3,727 "," 5,163 "
189,Coral Reef Wellness Center,Health and Community, 378 , 802 ," 1,123 "," 39,020,577 "," 84,627,543 "," 147,677,707 ", 4 , 8 , 11 ," 31,381 "," 67,139 "," 99,146 "
190,Islander Fishing Supplies,Fishing and Agriculture, 624 ," 1,301 "," 2,729 "," 51,141,174 "," 129,723,312 "," 243,362,326 ", 9 , 16 , 35 ," 260,702 "," 609,563 "," 1,147,778 "
191,Oceanic Research Institute,Property and Business Service, 554 ," 1,553 "," 3,447 "," 75,303,736 "," 250,130,628 "," 434,857,549 ", 1 , 2 , 6 ," 12,238 "," 30,070 "," 84,401 "
192,Islander Fishing Charters,Fishing and Agriculture, 500 , 951 ," 2,008 "," 38,789,826 "," 94,046,547 "," 199,314,764 ", 6 , 16 , 39 ," 228,161 "," 428,583 "," 865,782 "
193,Coastal Community Gardens,Health and Community, 565 ," 1,006 "," 2,161 "," 57,743,899 "," 136,620,948 "," 266,980,441 ", 6 , 10 , 18 ," 52,026 "," 95,501 "," 200,631 "
194,Oceanview Learning Center,Education, 885 ," 2,084 "," 4,482 "," 86,621,534 "," 309,804,253 "," 688,792,488 ", 6 , 12 , 18 ," 48,075 "," 112,976 "," 243,556 "
195,Islander Wellness Center,Health and Community, 447 ," 1,166 "," 2,020 "," 53,835,246 "," 113,892,355 "," 265,966,536 ", 6 , 13 , 20 ," 586,641 "," 102,662 "," 179,812 "
196,Coral Springs Health Solutions,Health and Community, 378 ," 1,070 "," 2,170 "," 45,304,142 "," 144,246,609 "," 278,012,549 ", 3 , 12 , 19 ," 32,239 "," 99,802 "," 190,383 "
197,Ocean Breeze Retreat,Accommodation and Hospitality, 511 , 631 ," 1,116 "," 34,529,905 "," 58,840,474 "," 92,911,368 ", 3 , 5 , 7 ," 23,301 "," 26,719 "," 51,795 "
198,Islander Culinary Experiences,Accommodation and Hospitality, 470 ," 1,066 "," 1,435 "," 39,380,546 "," 102,165,535 "," 122,942,874 ", 4 , 8 , 9 ," 21,769 "," 43,816 "," 62,131 "
199,Coastal Aquaponics,Fishing and Agriculture, 421 ," 1,119 "," 2,980 "," 41,541,070 "," 84,750,987 "," 268,016,977 ", 7 , 23 , 49 ," 212,811 "," 532,705 "," 21,799,622 "
200,Island Green Energy,Property and Business Service, 5 , 10 , 16 ," 665,950 "," 1,429,417 "," 2,163,072 ", 1 , 1 , 1 , 129 , 232 , 427 
201,Oceanic Wellness Institute,Health and Community, 65 , 78 , 113 ," 6,011,793 "," 8,189,251 "," 12,024,777 ", 1 , 1 , 2 ," 5,528 "," 6,960 "," 9,576 "
202,Islander Lifestyle Services,Health and Community, 374 , 552 ," 1,443 "," 43,056,710 "," 72,065,929 "," 168,230,215 ", 3 , 8 , 18 ," 35,014 "," 49,593 "," 125,068 "
